Title,Subtitle,Location,Time
Data Scientist for additive manufacturing (m/f/d) in the field of…,Federal Institute for Materials Research and Testing (BAM),"Berlin, Germany",1 day ago
Bioinformatician (m/f/div) in Immunogenetics,Max Planck Institute of Immunobiology and Epigenetics (MPI-IE),"Freiburg, Germany",5 months ago
Postdoctoral Position (all genders) in  Extrachromosomal DNA in…,BioMed X Institute,"Heidelberg, Germany",1 month ago
Postdoc in Bioinformatics,German Cancer Research Center in the Helmholtz Association (DKFZ),"Heidelberg, Germany",1 month ago
Group Leader in Bioinformatics,German Cancer Research Center in the Helmholtz Association (DKFZ),"Heidelberg, Germany",1 day ago
Group Leader in Bioinformatics,German Cancer Research Center in the Helmholtz Association (DKFZ),"Heidelberg, Germany",4 days ago
Research Scientist (f/m/d) - Bioinformatics,Evotec SE,"Munich, Germany",11 months ago
Research Scientist (f/m/d) - Bioinformatics,Evotec SE,"Munich, Germany",9 months ago
Postdoc Computational Bioinformatics (d/f/m),Leibniz Institute of Virology (LIV),"Hamburg, Germany",1 month ago
Ph.D. student in bioinformatics and/or a wet-lab biologist with…,Technical University of Munich (TUM),"Munich, Germany",2 months ago
Scientist Position in Computational Biology/ Bioinformatics/ AI in…,Helmholtz Munich,"Neuherberg (bei München), Germany",4 weeks ago
PhD candidate in Bioinformatics for “Multi-modal single cell analysis…,Helmholtz Munich,"München, Germany",3 months ago
PhD Student (f/m/d) Data-driven Digital Twin of Infected Cell…,Helmholtz-Zentrum Dresden-Rossendorf (HZDR),"Görlitz, Germany",1 month ago
"Student Research Assistant ""Multi-omics Data Integration in R"" (max.…",German Cancer Research Center in the Helmholtz Association (DKFZ),"Heidelberg, Germany",3 weeks ago
PhD student Computational Biology (m/f/d),Translational Oncology (TRON),"Mainz, Germany",1 month ago
Postdoc multidimensional integration of high throughput sequencing…,University Medical Center Freiburg,"Freiburg, Germany",3 weeks ago
"Postdoc / PhD position in translational stem cell research,…",Central Institute of Mental Health (CIMH),"Mannheim/Heidelberg, Baden-Württemberg, Germany",2 months ago
Postdoctoral Fellow - Computational Analysis of Human Microbiome Data,European Molecular Biology Laboratory (EMBL),"Heidelberg, Germany",5 days ago
PhD Position - High Dimensional Multi Omics Data Integration,Jülich Research Centre (FZJ),"Jülich, Germany",3 months ago
SCIENTIST / POSTDOC,Charité - University Medicine Berlin,"Berlin, Germany",1 month ago
Bioinformatician (f/m/d),Berlin Institute of Health (BIH),"Berlin, Germany",1 month ago
Postdoc Position in Computational Immunology,German Electron Synchrotron (DESY),"Hamburg, Germany",1 year ago
Biochemistry / Proteomics Technician (f/m/div),Max Planck Institute for the Science of Human History,"07745 Jena, Germany",7 months ago
Senior Staff Scientist in statistical genetics (f/m/x),Helmholtz Munich,"Neuherberg (bei München), Germany",2 weeks ago
PhD Positions in the new Graduate Program at Hamburg School of…,"University Medical Center Hamburg-Eppendorf (UKE), UHH","Hamburg, Germany",1 month ago
Research Scientist Position Systems Biology-Gene Therapy (m/w/d),Bayer AG,"Wuppertal, Germany",1 week ago
"W3 - Professorship for ""Biological Data Science"" (f/m/d)…",University of Göttingen,"Göttingen, Germany",6 days ago
"PostDoc for ""Molecular identification and quantification of bivalve…",Alfred Wegener Institute - Helmholtz Centre for Polar and Marine Research (AWI),"Sylt, Germany",2 weeks ago
Research Scientist (f/m/d) - Bioinformatics,Evotec SE,"Munich, Germany",11 months ago
